Hour,Load_MW
0,770.0000000000001
1,660.0
2,660.0
3,660.0
4,660.0
5,660.0
6,770.0000000000001
7,880.0000000000001
8,880.0000000000001
9,880.0000000000001
10,770.0000000000001
11,770.0000000000001
12,770.0000000000001
13,770.0000000000001
14,770.0000000000001
15,770.0000000000001
16,935.0000000000001
17,935.0000000000001
18,935.0000000000001
19,1045.0
20,990.0000000000001
21,1100.0
22,990.0000000000001
23,880.0000000000001
